{
  "KO": {
    "signature": {
      "trend": "Lateral",
      "classification": "Media",
      "rsi_zone": "neutral",
      "macd_dir": "bajista",
      "extended": true
    },
    "last_alert": 1780659796.5275986
  },
  "SOFI": {
    "signature": "NO OPERAR",
    "last_alert": 1781569152.6538332,
    "intra_price": 17.99,
    "level_alerts": {
      "r1": 1781632865.4078112,
      "r2": 1781632865.4078112,
      "pivot": 1781632865.4078112
    }
  },
  "NVDA": {
    "signature": "NO OPERAR",
    "last_alert": 1781569154.1388261,
    "intra_price": 209.44,
    "level_alerts": {
      "r2": 1781569154.1816764,
      "r1": 1781569154.1816764,
      "pivot": 1781632867.7091746,
      "s1": 1781632867.7091746
    }
  }
}